{
    "Val RMSE": 7.3781736166166985,
    "Val R\u00b2": 0.9344657897527138,
    "Val MAE": 4.257868609434419,
    "Val MAPE": 0.06155762841778726
}