{
    "Val RMSE": 50070990.85832575,
    "Val R\u00b2": -7.243891350490539
}